Title,URL
,
Abu Salim Middle Eastern Grill,https://www.google.com/maps/place/Abu+Salim+Middle+Eastern+Grill/data=!4m2!3m1!1s0x808587a32408e4f1:0x567a187b9134b97
State Law Library,https://www.google.com/maps/place/State+Law+Library/data=!4m2!3m1!1s0x87ee99b65849cc2b:0x743f59815d847124
Juniper,https://www.google.com/maps/place/Juniper/data=!4m2!3m1!1s0x80858199d5b53a4d:0x5b702e89f958dd98
Tallboy,https://www.google.com/maps/place/Tallboy/data=!4m2!3m1!1s0x80857db38318da2f:0x3b78df843bf890cd
Newkirk's,https://www.google.com/maps/place/Newkirk's/data=!4m2!3m1!1s0x808f7e4a1e7dfb7b:0xf842e054207b5a5d
San Francisco Wine & Cheese,https://www.google.com/maps/place/San+Francisco+Wine+%26+Cheese/data=!4m2!3m1!1s0x8085809f40092839:0x212ffed7ba0181e6
Designer Consigner,https://www.google.com/maps/place/Designer+Consigner/data=!4m2!3m1!1s0x80858733be57bb67:0x9b6ef70ad73cabe
Goodbyes Men’s Store,https://www.google.com/maps/place/Goodbyes+Men%E2%80%99s+Store/data=!4m2!3m1!1s0x808587006356e2d1:0x287e701aa7379fa9
Goodbyes,https://www.google.com/maps/place/Goodbyes/data=!4m2!3m1!1s0x80858733a0f61ab3:0x5c57bb4bdb0a2743
13 Orphans,https://www.google.com/maps/place/13+Orphans/data=!4m2!3m1!1s0x808f81362354f6a7:0xf1e7a739d7279d8d
Restaurant Naides,https://www.google.com/maps/place/Restaurant+Naides/data=!4m2!3m1!1s0x808581eba52c22cf:0xd9052d3f9f48d450
Laney College,https://www.google.com/maps/place/Laney+College/data=!4m2!3m1!1s0x808f87ed6a6d104d:0x61ffcb19382dcc68
El Gallo Giro Food Truck,https://www.google.com/maps/place/El+Gallo+Giro+Food+Truck/data=!4m2!3m1!1s0x808f7f5a4697bb73:0x2c83707ac896f3ef
Kabuki Springs & Spa,https://www.google.com/maps/place/Kabuki+Springs+%26+Spa/data=!4m2!3m1!1s0x808580b90470551b:0xe906e0566decb32f
Fikscue Thrive City,https://www.google.com/maps/place/Fikscue+Thrive+City/data=!4m2!3m1!1s0x808f7f001783d491:0xf76f64bb6d040a3b
Avedano's Meats,https://www.google.com/maps/place/Avedano's+Meats/data=!4m2!3m1!1s0x808f7e5c0f622ea5:0xc0f6f3a87b7e0e2b
Tropicali,https://www.google.com/maps/place/Tropicali/data=!4m2!3m1!1s0x80c4b393e19ce0b7:0xfbcea10fa15d3d48
Sumac | Modern Street Food,https://www.google.com/maps/place/Sumac+%7C+Modern+Street+Food/data=!4m2!3m1!1s0x8085811ade9931b7:0xa3844d4db16426de
Waters Edge Hotel,https://www.google.com/maps/place/Waters+Edge+Hotel/data=!4m2!3m1!1s0x8085847d1a078543:0x5a592a898890cc66
Cafe Jacqueline,https://www.google.com/maps/place/Cafe+Jacqueline/data=!4m2!3m1!1s0x808580f14ea50c69:0xf68e20b44d481984
Popoca Oakland,https://www.google.com/maps/place/Popoca+Oakland/data=!4m2!3m1!1s0x808f81131ae8f823:0x14040cd04c7292a1
Reuse for Arts & Crafts,https://www.google.com/maps/place/Reuse+for+Arts+%26+Crafts/data=!4m2!3m1!1s0x80857f09e4306033:0xe499f22fa666266e
East Bay Depot for Creative Reuse,https://www.google.com/maps/place/East+Bay+Depot+for+Creative+Reuse/data=!4m2!3m1!1s0x80857de22826e7f1:0x7ea997ddca0dd8b9
Black Jet Baking Co.,https://www.google.com/maps/place/Black+Jet+Baking+Co./data=!4m2!3m1!1s0x808f7fae23a425cb:0xf22fb87c4fb7b76b
NINNIKU RAMEN IZAKAYA,https://www.google.com/maps/place/NINNIKU+RAMEN+IZAKAYA/data=!4m2!3m1!1s0x8085819a94e5ace1:0x4e7cb0282670f266
Phil's Stationery,https://www.google.com/maps/place/Phil's+Stationery/data=!4m2!3m1!1s0x89c258fe7a52bba3:0xe05daa672bdb576e
Horsies Market & Saloon,https://www.google.com/maps/place/Horsies+Market+%26+Saloon/data=!4m2!3m1!1s0x808f7e3c80a234e7:0x22a0aa87afa4078e
Ruby Wine,https://www.google.com/maps/place/Ruby+Wine/data=!4m2!3m1!1s0x808f7fcbcbb942eb:0x68d0be77b6d32ae7
Thursday Boot Company,https://www.google.com/maps/place/Thursday+Boot+Company/data=!4m2!3m1!1s0x808581cea86e533f:0xd289a0ed73384128
Shuggie’s,https://www.google.com/maps/place/Shuggie%E2%80%99s/data=!4m2!3m1!1s0x808f7fb4d00897af:0x860e81c1c17b8e4f
Breakfast Little,https://www.google.com/maps/place/Breakfast+Little/data=!4m2!3m1!1s0x808f7f641814ada7:0x1ba5da6363f00a0d
William Stout Architectural Books,https://www.google.com/maps/place/William+Stout+Architectural+Books/data=!4m2!3m1!1s0x808580f5302d84ed:0x735ae86fe932515b
Miller/Knox Regional Shoreline,https://www.google.com/maps/place/Miller%2FKnox+Regional+Shoreline/data=!4m2!3m1!1s0x808582ea5ee2fad7:0xe32916067bbbf4c8
Free Oakland UP,https://www.google.com/maps/place/Free+Oakland+UP/data=!4m2!3m1!1s0x808f864d55302bc1:0xb69d42d02b814fe9
Mussel Rock Park,https://www.google.com/maps/place/Mussel+Rock+Park/data=!4m2!3m1!1s0x808f7b7fe603ce77:0xef4a860fd2436928
J V Fitzgerald Marine Reserve,https://www.google.com/maps/place/J+V+Fitzgerald+Marine+Reserve/data=!4m2!3m1!1s0x808f71ed12147d11:0x5341f4fb95812297
The Royal Cuckoo,https://www.google.com/maps/place/The+Royal+Cuckoo/data=!4m2!3m1!1s0x808f7e430be350a7:0x7cfc819c1684a1d3
SOHN,https://www.google.com/maps/place/SOHN/data=!4m2!3m1!1s0x808f7f5137b1a81f:0xa6fc94f11d357534
2630 Union St,https://www.google.com/maps/place/2630+Union+St/data=!4m2!3m1!1s0x80857e191a203ea1:0x2e37230ee8890275
Cinelounge® Tiburon,https://www.google.com/maps/place/Cinelounge%C2%AE+Tiburon/data=!4m2!3m1!1s0x8085847d3eeeaaab:0x942188b3064f7074
Shapeshifters Café,https://www.google.com/maps/place/Shapeshifters+Caf%C3%A9/data=!4m2!3m1!1s0x808f80b9b61b0d5d:0xdbc7e77ba2cb8063
Spire the Church,https://www.google.com/maps/place/Spire+the+Church/data=!4m2!3m1!1s0x808f8100010a607b:0x5b63bd10f2ad2d33
P-kok Planet,https://www.google.com/maps/place/P-kok+Planet/data=!4m2!3m1!1s0x808580acc8d62bb1:0x86b72f9df8faf3a8
Gai Chicken Rice,https://www.google.com/maps/place/Gai+Chicken+Rice/data=!4m2!3m1!1s0x808f7f07c7d5b10f:0x3cbd65bbef63d64a
La Taqueria,https://www.google.com/maps/place/La+Taqueria/data=!4m2!3m1!1s0x808f7e46d50136ad:0x21fce96ce541e475
John Hinkel Park,https://www.google.com/maps/place/John+Hinkel+Park/data=!4m2!3m1!1s0x808579530f3f27e3:0x839ecd2bfddc88d9
Farley's Coffeehouse,https://www.google.com/maps/place/Farley's+Coffeehouse/data=!4m2!3m1!1s0x808f7fca2b0e01f3:0x750ccf47ac99c991
Oink & Oscar Sandwich Shop,https://www.google.com/maps/place/Oink+%26+Oscar+Sandwich+Shop/data=!4m2!3m1!1s0x80858173c52b63d7:0x776615d4364696b6
Firefly Restaurant,https://www.google.com/maps/place/Firefly+Restaurant/data=!4m2!3m1!1s0x808f7e0c3494f5a1:0xad06a5d42fd20c9d
Bar 821,https://www.google.com/maps/place/Bar+821/data=!4m2!3m1!1s0x808580b1b6793991:0x33f7ff9d575d396d
Destination Baking Company,https://www.google.com/maps/place/Destination+Baking+Company/data=!4m2!3m1!1s0x808f7e6381aed5a1:0x1d22dea2bb8dcce5
Glen Park Cafe,https://www.google.com/maps/place/Glen+Park+Cafe/data=!4m2!3m1!1s0x808f7fa65f1b9ad1:0x5664a8b4a619752a
Freddies Lifestyle Shop,https://www.google.com/maps/place/Freddies+Lifestyle+Shop/data=!4m2!3m1!1s0x8085797bb34486e3:0x4b4242b7df0a9952
Gilroy Gardens Family Theme Park,https://www.google.com/maps/place/Gilroy+Gardens+Family+Theme+Park/data=!4m2!3m1!1s0x808e1df89d8c43e1:0x3667230a2c7a94ff
Roxie Market & Deli,https://www.google.com/maps/place/Roxie+Market+%26+Deli/data=!4m2!3m1!1s0x8085875ef95c6db7:0x920ed3ac54742b94
Stable Cafe,https://www.google.com/maps/place/Stable+Cafe/data=!4m2!3m1!1s0x808f7e3ad9e32f0d:0x853feb5942aa54c7
Foreign Cinema,https://www.google.com/maps/place/Foreign+Cinema/data=!4m2!3m1!1s0x808f7e3ec8cb0b3f:0x2f54db460b3cf3d9
South Berkeley Farmers' Market,https://www.google.com/maps/place/South+Berkeley+Farmers'+Market/data=!4m2!3m1!1s0x80857e7a3ba592cf:0x39ee8691293e4a43
Tea House Spa,https://www.google.com/maps/place/Tea+House+Spa/data=!4m2!3m1!1s0x808e4027f1637545:0x6bfb9aa3da5d39dd
78 Gough St,https://www.google.com/maps/place/78+Gough+St/data=!4m2!3m1!1s0x8085809fa70b90c1:0xf235de544a9c35cb
Stookey's Club Moderne,https://www.google.com/maps/place/Stookey's+Club+Moderne/data=!4m2!3m1!1s0x8085808deddaff21:0x9a7f20830da23bb9
Key Klub,https://www.google.com/maps/place/Key+Klub/data=!4m2!3m1!1s0x808581b282f79dc7:0x2ef1b989c9edc77
Joodooboo,https://www.google.com/maps/place/Joodooboo/data=!4m2!3m1!1s0x80857f1d4794619b:0x435cb26d1b3b0b6f
Boa's CVC,https://www.google.com/maps/place/Boa's+CVC/data=!4m2!3m1!1s0x8085870023a88b1f:0x34187a387bf8677d
Point Lobos State Natural Reserve,https://www.google.com/maps/place/Point+Lobos+State+Natural+Reserve/data=!4m2!3m1!1s0x808de88b727944c7:0xfc45d2b0213831ca
Butter & Crumble,https://www.google.com/maps/place/Butter+%26+Crumble/data=!4m2!3m1!1s0x808581c387a8b12f:0x786e8f4be25357e2
b. patisserie,https://www.google.com/maps/place/b.+patisserie/data=!4m2!3m1!1s0x808580c961a0d5e7:0xea755410f0b98bb
5032 Telegraph Ave,https://www.google.com/maps/place/5032+Telegraph+Ave/data=!4m2!3m1!1s0x80857de1024fae4b:0x7dee30e2abd4b84f
Love in Haight Fairy Garden,https://www.google.com/maps/place/Love+in+Haight+Fairy+Garden/data=!4m2!3m1!1s0x8085810041665445:0x41dc52458f222c0f
1120 Masonic Ave,https://www.google.com/maps/place/1120+Masonic+Ave/data=!4m2!3m1!1s0x808580acdd62d3a9:0xa7ccf0621faf4759
Green House Bakery,https://www.google.com/maps/place/Green+House+Bakery/data=!4m2!3m1!1s0x808f878e31593a1d:0xe1bab5de7dd128e9
Salvio St,https://www.google.com/maps/place/Salvio+St/data=!4m2!3m1!1s0x80856724925ac7df:0xfd04ddb6034e878d
Green Apple Books on the Park,https://www.google.com/maps/place/Green+Apple+Books+on+the+Park/data=!4m2!3m1!1s0x8085875d1cdd79db:0x89c524ac6c20af6c
Jalebi Street,https://www.google.com/maps/place/Jalebi+Street/data=!4m2!3m1!1s0x808fb70077351d93:0xec9b66d357808bd2
Caffè Panna,https://www.google.com/maps/place/Caff%C3%A8+Panna/data=!4m2!3m1!1s0x89c259c3202e4ca5:0xcda02870d8b15706
Habana Express Cuban Restaurant & Bakery,https://www.google.com/maps/place/Habana+Express+Cuban+Restaurant+%26+Bakery/data=!4m2!3m1!1s0x8085613bc38e8e5f:0x39489dc1b8d56cb0
Mucky Duck,https://www.google.com/maps/place/Mucky+Duck/data=!4m2!3m1!1s0x8085875c4ae8ead1:0xcfc96286391205a0
Sunset Cantina,https://www.google.com/maps/place/Sunset+Cantina/data=!4m2!3m1!1s0x808587f3272e7afd:0x740b4678db4400c6
Prelinger Library,https://www.google.com/maps/place/Prelinger+Library/data=!4m2!3m1!1s0x808f7e29d4748bf9:0xa6075679951cd798
Hella Bagels,https://www.google.com/maps/place/Hella+Bagels/data=!4m2!3m1!1s0x80857980181a8e25:0x8610b5b6909f640a
371 17th St,https://www.google.com/maps/place/371+17th+St/data=!4m2!3m1!1s0x808f80b30948bf8d:0x55434b37024975b7
Problem Library,https://www.google.com/maps/place/Problem+Library/data=!4m2!3m1!1s0x8085876636291d67:0x258c270efc1c1b80
Educated Palate Bakeshop,https://www.google.com/maps/place/Educated+Palate+Bakeshop/data=!4m2!3m1!1s0x808580864c51b4cf:0xec5e783b8fa06b98
Simurgh Bakery & Cafe,https://www.google.com/maps/place/Simurgh+Bakery+%26+Cafe/data=!4m2!3m1!1s0x80857fc6d3bf1055:0x1000509448738789
Dogpatch Games,https://www.google.com/maps/place/Dogpatch+Games/data=!4m2!3m1!1s0x808f7f3efaf98cdf:0x4225b2e8254da614
Rising Star Laundry,https://www.google.com/maps/place/Rising+Star+Laundry/data=!4m2!3m1!1s0x80858785ad3fdeb1:0x1b75a6ad9f852ede
Crane Cove Park,https://www.google.com/maps/place/Crane+Cove+Park/data=!4m2!3m1!1s0x808f7f456d8bd8b3:0x8cd30c103b808354
Big Sur River Inn,https://www.google.com/maps/place/Big+Sur+River+Inn/data=!4m2!3m1!1s0x808d8fe2f9455757:0x49db56e7b5c79aab
Bolerium Books,https://www.google.com/maps/place/Bolerium+Books/data=!4m2!3m1!1s0x808f7e234cd7a48b:0xe7cb2f16cba8f996
Point Richmond Fairy Houses,https://www.google.com/maps/place/Point+Richmond+Fairy+Houses/data=!4m2!3m1!1s0x808583a9dbe10c99:0x528cf1f05ef85a4
Cottage Industry,https://www.google.com/maps/place/Cottage+Industry/data=!4m2!3m1!1s0x808580c5e1fbd691:0x6c1e3def954c4f03
Mount Olympus Park,https://www.google.com/maps/place/Mount+Olympus+Park/data=!4m2!3m1!1s0x808f7e0016e3e8ff:0x1311b3a7c27485f6
Enclos,https://www.google.com/maps/place/Enclos/data=!4m2!3m1!1s0x8085afc26d5e4c29:0x51b79cd50277adb0
Poppy Ln,https://www.google.com/maps/place/Poppy+Ln/data=!4m2!3m1!1s0x808f7e65250266dd:0x7e73b9d924fd9327
The Nosh Box,https://www.google.com/maps/place/The+Nosh+Box/data=!4m2!3m1!1s0x8085817d1410c2cf:0xc72c3454f2701fca
The Charter Oak Restaurant,https://www.google.com/maps/place/The+Charter+Oak+Restaurant/data=!4m2!3m1!1s0x808450beb2256727:0x1c17d39804c7ca32
Arbor,https://www.google.com/maps/place/Arbor/data=!4m2!3m1!1s0x8085815c2aaead67:0xa087f5a12c498537
Medicine for Nightmares,https://www.google.com/maps/place/Medicine+for+Nightmares/data=!4m2!3m1!1s0x808f7fbe522ae505:0x3adfc615fe257120
Californios,https://www.google.com/maps/place/Californios/data=!4m2!3m1!1s0x808f7e38c2f4f021:0x752aa9a19541656d
Prelude,https://www.google.com/maps/place/Prelude/data=!4m2!3m1!1s0x808580602db00001:0x8bc584df44618303
MENSHO,https://www.google.com/maps/place/MENSHO/data=!4m2!3m1!1s0x80857d65126c798d:0x86dc396e20083410
Tony's Pizza Napoletana,https://www.google.com/maps/place/Tony's+Pizza+Napoletana/data=!4m2!3m1!1s0x808580f112dc711d:0xbfb3fcde3487fb40
Pizzeria da Laura,https://www.google.com/maps/place/Pizzeria+da+Laura/data=!4m2!3m1!1s0x80857fa50f5e8545:0xf417eeb83e488d9d
Sun Moon Studio,https://www.google.com/maps/place/Sun+Moon+Studio/data=!4m2!3m1!1s0x80857f8bcb2b98d3:0x6aa4add8ef57dae2
La Note,https://www.google.com/maps/place/La+Note/data=!4m2!3m1!1s0x80857e82d280ff07:0x4ab1779424f266c2
Forbidden Island,https://www.google.com/maps/place/Forbidden+Island/data=!4m2!3m1!1s0x808f86d2fdb659bb:0x44465e5d94b6b023
B-Side,https://www.google.com/maps/place/B-Side/data=!4m2!3m1!1s0x80858098d47aa9d7:0x8ad3ecea32e68309
Cantina Los Mayas,https://www.google.com/maps/place/Cantina+Los+Mayas/data=!4m2!3m1!1s0x8085871ba7173433:0xf9c0ff4d4c019935
Good Good Culture Club,https://www.google.com/maps/place/Good+Good+Culture+Club/data=!4m2!3m1!1s0x808f7ff1a4ac74e5:0x74f7579e95698eb8
Prik Hom,https://www.google.com/maps/place/Prik+Hom/data=!4m2!3m1!1s0x80858720272668bf:0xa9c4f38cbc1adc1e
Vientian Cafe,https://www.google.com/maps/place/Vientian+Cafe/data=!4m2!3m1!1s0x808f86448a6e216b:0x7a253e7fe186602a
Rich Table,https://www.google.com/maps/place/Rich+Table/data=!4m2!3m1!1s0x8085809f40b8fd87:0x7b5e765335d416ff
Kitchen Istanbul,https://www.google.com/maps/place/Kitchen+Istanbul/data=!4m2!3m1!1s0x8085873bfaf2b7fb:0x741f5db918147b2a
Mingala Restaurant,https://www.google.com/maps/place/Mingala+Restaurant/data=!4m2!3m1!1s0x808fc643c0c8acdb:0x481fc0c946b69cd0
Bar Crenn,https://www.google.com/maps/place/Bar+Crenn/data=!4m2!3m1!1s0x808580d085a8ae2f:0xc573c81c22347a3b
Khan Toke Thai House,https://www.google.com/maps/place/Khan+Toke+Thai+House/data=!4m2!3m1!1s0x8085872d6ffab961:0xb7bbcfb64818410f
Lers Ros Thai,https://www.google.com/maps/place/Lers+Ros+Thai/data=!4m2!3m1!1s0x80858098d93dd5f7:0x903c46656fc83655
Basil Thai Restaurant & Bar,https://www.google.com/maps/place/Basil+Thai+Restaurant+%26+Bar/data=!4m2!3m1!1s0x8085808279bff095:0x37d26a9fe782c585
Daughter Thai Kitchen,https://www.google.com/maps/place/Daughter+Thai+Kitchen/data=!4m2!3m1!1s0x808f87853137d81f:0xfbff9c4f3ffd4a6f
Nari,https://www.google.com/maps/place/Nari/data=!4m2!3m1!1s0x80858166f369ff09:0xf1e90a1ba1488942
Khao Tiew,https://www.google.com/maps/place/Khao+Tiew/data=!4m2!3m1!1s0x808f7d8b7434602d:0xd770a8f0a3ce0dde
Amphawa Thai Noodle House,https://www.google.com/maps/place/Amphawa+Thai+Noodle+House/data=!4m2!3m1!1s0x80858716eb837641:0xf39bf54a65711394
Aggregate Supply,https://www.google.com/maps/place/Aggregate+Supply/data=!4m2!3m1!1s0x808f7e3d0154012b:0x3e14b859e52219f4
Poor Honey's Used Furniture,https://www.google.com/maps/place/Poor+Honey's+Used+Furniture/data=!4m2!3m1!1s0x808f86645b75cbbb:0xfd163dbb486fa10c
Indochino,https://www.google.com/maps/place/Indochino/data=!4m2!3m1!1s0x808580884baaffa9:0x62e70f9af78e7b69
Al's Attire,https://www.google.com/maps/place/Al's+Attire/data=!4m2!3m1!1s0x808580f3f82a7cab:0x13d1cd6e58fd6e61
MATTINA Restaurant,https://www.google.com/maps/place/MATTINA+Restaurant/data=!4m2!3m1!1s0x8085815868e63c61:0x5e1eac56e9464194
Rusty Ladle,https://www.google.com/maps/place/Rusty+Ladle/data=!4m2!3m1!1s0x8085874b55289407:0xf69c33b7a89f9f22
Burrows Pocket Park,https://www.google.com/maps/place/Burrows+Pocket+Park/data=!4m2!3m1!1s0x808f7ee2d1f58243:0x9b9762b1f78a2626
Nepa Indian Cuisine,https://www.google.com/maps/place/Nepa+Indian+Cuisine/data=!4m2!3m1!1s0x808581439ab18fc7:0xdff5a84bf8b8316c
Geographic center of San Francisco,https://www.google.com/maps/place/Geographic+center+of+San+Francisco/data=!4m2!3m1!1s0x808f7f0042aa2bfb:0x4a8c5bff7722a318
Anchor Electronics,https://www.google.com/maps/place/Anchor+Electronics/data=!4m2!3m1!1s0x808fca25ba26dfd5:0xc0ca43e28395709a
Prescott Market West Oakland,https://www.google.com/maps/place/Prescott+Market+West+Oakland/data=!4m2!3m1!1s0x80857f00478fdeb5:0xa5b7452dde065a5f
La Loulou,https://www.google.com/maps/place/La+Loulou/data=!4m2!3m1!1s0x80857d001a13abd5:0x75b3846a046f9b7b
Oakland Public Library: Oakland Tool Lending Library,https://www.google.com/maps/place/Oakland+Public+Library:+Oakland+Tool+Lending+Library/data=!4m2!3m1!1s0x80857de061d5a141:0xdf95904bea9ddac8
Live Oak Park,https://www.google.com/maps/place/Live+Oak+Park/data=!4m2!3m1!1s0x80857ea626baf96d:0xbad4ce5d3bdd5b2a
Refuge,https://www.google.com/maps/place/Refuge/data=!4m2!3m1!1s0x808def1273196605:0xd99f240cb4c0afcb
Visitacion Valley Greenway Community Garden,https://www.google.com/maps/place/Visitacion+Valley+Greenway+Community+Garden/data=!4m2!3m1!1s0x808f7ed9528f0001:0xb8a301c7c847e5aa
The Sage & Drifter,https://www.google.com/maps/place/The+Sage+%26+Drifter/data=!4m2!3m1!1s0x808587664906508b:0xac5fc1a37a6f867e
Pacific Cocktail Haven,https://www.google.com/maps/place/Pacific+Cocktail+Haven/data=!4m2!3m1!1s0x8085808e80f0678b:0x65dd807d5d205482
Trick Dog,https://www.google.com/maps/place/Trick+Dog/data=!4m2!3m1!1s0x808f7e373fb8cf15:0x1c67d1b3579cae7f
True Laurel,https://www.google.com/maps/place/True+Laurel/data=!4m2!3m1!1s0x808f7e3747a767cf:0x654f83ac573dce90
Victory Point Cafe,https://www.google.com/maps/place/Victory+Point+Cafe/data=!4m2!3m1!1s0x80857e9f793e8573:0x12a4d9e6777828e6
Mariposa Baking Company,https://www.google.com/maps/place/Mariposa+Baking+Company/data=!4m2!3m1!1s0x80857dde294b1877:0x71778394c5ac34c7
Sana'a Cafe,https://www.google.com/maps/place/Sana'a+Cafe/data=!4m2!3m1!1s0x808f8181dae45357:0xe5d786796adb4b9a
Freedom Archives,https://www.google.com/maps/place/Freedom+Archives/data=!4m2!3m1!1s0x0:0x23f76685f30803d3
King of Noodles,https://www.google.com/maps/place/King+of+Noodles/data=!4m2!3m1!1s0x80858765e5865fc3:0xfe4135c3d8f799f
Big River Estuary State Marine Conservation Area,https://www.google.com/maps/place/Big+River+Estuary+State+Marine+Conservation+Area/data=!4m2!3m1!1s0x8081b2ba11e812ef:0x38d0272625189697
Magnolia SF - Haight,https://www.google.com/maps/place/Magnolia+SF+-+Haight/data=!4m2!3m1!1s0x808580acc02b4813:0xf44ccbad36884160
hed verythai,https://www.google.com/maps/place/hed+verythai/data=!4m2!3m1!1s0x8085819c330a048b:0xa4fc522fa6bf0f28
Hed 11,https://www.google.com/maps/place/Hed+11/data=!4m2!3m1!1s0x808581007dd906f3:0x900517242757106c
Gao Viet Kitchen,https://www.google.com/maps/place/Gao+Viet+Kitchen/data=!4m2!3m1!1s0x8085872470ab1ffb:0xbda5fb88a30409d2
Funky Elephant SF,https://www.google.com/maps/place/Funky+Elephant+SF/data=!4m2!3m1!1s0x808f7f4da3cb3c73:0xfb1230fa6c462ea
Funky Elephant Berkeley,https://www.google.com/maps/place/Funky+Elephant+Berkeley/data=!4m2!3m1!1s0x80857ece42e611c3:0xa07b39b6280f1c7
Rise & Grind Coffee and Tea,https://www.google.com/maps/place/Rise+%26+Grind+Coffee+and+Tea/data=!4m2!3m1!1s0x808587410f37b989:0x904bcb3784440062
Bageletto,https://www.google.com/maps/place/Bageletto/data=!4m2!3m1!1s0x808f7fd5f1e7f46f:0x3e54d0c7a2d93598
Rosicrucian Egyptian Museum,https://www.google.com/maps/place/Rosicrucian+Egyptian+Museum/data=!4m2!3m1!1s0x808fcb6b68eb46d5:0x813b70ab82510592
Book Society,https://www.google.com/maps/place/Book+Society/data=!4m2!3m1!1s0x80857d00021479e7:0xa64f821da66cedd4
"Mersea Restaurant, Bar and Venue","https://www.google.com/maps/place/Mersea+Restaurant,+Bar+and+Venue/data=!4m2!3m1!1s0x80858034df3956db:0x6b70acebf55ec401"
Mira Flores,https://www.google.com/maps/place/Mira+Flores/data=!4m2!3m1!1s0x80857de999c06419:0x90b22dff01cbd76d
Paxton Gate,https://www.google.com/maps/place/Paxton+Gate/data=!4m2!3m1!1s0x808f7e3d00c84e49:0xe1ba500bdae8c3c1
Studios 11,https://www.google.com/maps/place/Studios+11/data=!4m2!3m1!1s0x808f80b8674e5689:0x2124fa9b58e0e24f
NIDO's BackYard,https://www.google.com/maps/place/NIDO's+BackYard/data=!4m2!3m1!1s0x808f812e2917f32b:0x1bf9d2b17054f847
Odin,https://www.google.com/maps/place/Odin/data=!4m2!3m1!1s0x808f81f4546d3089:0xb2bad0e02a579241
Convict Lake,https://www.google.com/maps/place/Convict+Lake/data=!4m2!3m1!1s0x809607d63826728f:0x349f696b8a9dfae3
Outta Sight Pizza,https://www.google.com/maps/place/Outta+Sight+Pizza/data=!4m2!3m1!1s0x808581ae499d608b:0xe0f081137f64ac3f
Osmosis Day Spa Sanctuary,https://www.google.com/maps/place/Osmosis+Day+Spa+Sanctuary/data=!4m2!3m1!1s0x80842ff66574dec1:0xa098785e1d6b9021
Vinteige,https://www.google.com/maps/place/Vinteige/data=!4m2!3m1!1s0x8085617c75b37375:0x966a085e69096ded
SOBU,https://www.google.com/maps/place/SOBU/data=!4m2!3m1!1s0x808f80b6e1b8da5f:0x2d949a03ff7c6c14
Cafe Shoji,https://www.google.com/maps/place/Cafe+Shoji/data=!4m2!3m1!1s0x8085810016cfab49:0xcd7aa88addc83b7e
Delah Coffee,https://www.google.com/maps/place/Delah+Coffee/data=!4m2!3m1!1s0x808581990ca0ce2f:0x944118dbe8c9038d
La Mediterranee,https://www.google.com/maps/place/La+Mediterranee/data=!4m2!3m1!1s0x808580c63f71f53b:0x57e7ea44460fcc61
Caché,https://www.google.com/maps/place/Cach%C3%A9/data=!4m2!3m1!1s0x808587b5c59e36f3:0xa63dcab38983074a
Oraan Thai Eatery,https://www.google.com/maps/place/Oraan+Thai+Eatery/data=!4m2!3m1!1s0x8085873796c7c12f:0x7adfd02ddbf51862
The Saap Avenue,https://www.google.com/maps/place/The+Saap+Avenue/data=!4m2!3m1!1s0x80857df3e5a2c183:0xeb29de390d29d4c4
Tropical Garden Hot Tub & Tanning,https://www.google.com/maps/place/Tropical+Garden+Hot+Tub+%26+Tanning/data=!4m2!3m1!1s0x808f7c0cd23982cd:0x62f66700d36f544e
Shabu Club,https://www.google.com/maps/place/Shabu+Club/data=!4m2!3m1!1s0x808587162b94c623:0x1d3ba3ebed51d6ea
Kahnfections,https://www.google.com/maps/place/Kahnfections/data=!4m2!3m1!1s0x808f7e3983fa4199:0xe4015cb32f236e63
The Marshall Store,https://www.google.com/maps/place/The+Marshall+Store/data=!4m2!3m1!1s0x8085ce058d6d3be9:0xafc049ddc9087863
Lily,https://www.google.com/maps/place/Lily/data=!4m2!3m1!1s0x8085871b71d13bcd:0xcfdfcc17c6afc30
um.ma,https://www.google.com/maps/place/um.ma/data=!4m2!3m1!1s0x0:0xe05b57ade12e7221
Komeya No Bento,https://www.google.com/maps/place/Komeya+No+Bento/data=!4m2!3m1!1s0x0:0x70f4d894dbf24402
Old Jerusalem Restaurant,https://www.google.com/maps/place/Old+Jerusalem+Restaurant/data=!4m2!3m1!1s0x808f7f3bbe2e7a55:0xe7a0411454a61bed
Moody Goose Vintage,https://www.google.com/maps/place/Moody+Goose+Vintage/data=!4m2!3m1!1s0x8085810e6d5f9933:0x4b7150ec37b89e26
Shizen,https://www.google.com/maps/place/Shizen/data=!4m2!3m1!1s0x808f7e21a0ce5121:0xc098d695dbb20e9f
Casa Borinqueña,https://www.google.com/maps/place/Casa+Borinque%C3%B1a/data=!4m2!3m1!1s0x80857fe7603be007:0x6710c37541d19c22
Rad Radish,https://www.google.com/maps/place/Rad+Radish/data=!4m2!3m1!1s0x80858164a6d1ea73:0xbdeec628c0f05796
Kokkari Estiatorio,https://www.google.com/maps/place/Kokkari+Estiatorio/data=!4m2!3m1!1s0x80858060747de94d:0xb3d399f14d2b6c40
HINODEYA Ramen Japantown,https://www.google.com/maps/place/HINODEYA+Ramen+Japantown/data=!4m2!3m1!1s0x808580b8ce6128d3:0x9335b3e8ce6769fb
The Progress,https://www.google.com/maps/place/The+Progress/data=!4m2!3m1!1s0x808580b9a3e835f3:0xd1e4dd4d58be86b6
Sotto Mare,https://www.google.com/maps/place/Sotto+Mare/data=!4m2!3m1!1s0x808580f15632f641:0xa45875806e285c25
Yamo,https://www.google.com/maps/place/Yamo/data=!4m2!3m1!1s0x808f7e3cb785da59:0xfe0840361e8eba99
Liholiho Yacht Club,https://www.google.com/maps/place/Liholiho+Yacht+Club/data=!4m2!3m1!1s0x8085809226a75491:0xb16e391a9d832609
San Tung,https://www.google.com/maps/place/San+Tung/data=!4m2!3m1!1s0x8085875d83e10257:0x131f778c0e458770
Copra,https://www.google.com/maps/place/Copra/data=!4m2!3m1!1s0x808581a403631d1b:0x1bf43aadb575c02c
Mandalay Restaurant,https://www.google.com/maps/place/Mandalay+Restaurant/data=!4m2!3m1!1s0x8085873c9a913065:0x788e4b120aaaa7d5
Yasukochi's Sweet Stop,https://www.google.com/maps/place/Yasukochi's+Sweet+Stop/data=!4m2!3m1!1s0x808580b8ca58c9d1:0x175cb01eebd9c60b
Eastern Bakery,https://www.google.com/maps/place/Eastern+Bakery/data=!4m2!3m1!1s0x8085808b6933e0e7:0xcbc5a120b4d390ad
Live Worms Gallery,https://www.google.com/maps/place/Live+Worms+Gallery/data=!4m2!3m1!1s0x808580f3fe9b05ff:0xab1a2cca48882503
Professor Seagull's Smartshop and Gallery,https://www.google.com/maps/place/Professor+Seagull's+Smartshop+and+Gallery/data=!4m2!3m1!1s0x80858162efa68231:0x7654ed4b27cb00ac
St. Joseph's Church,https://www.google.com/maps/place/St.+Joseph's+Church/data=!4m2!3m1!1s0x8085809d617e699b:0x50af8a8abedfa843
Gray Area / Grand Theater,https://www.google.com/maps/place/Gray+Area+%2F+Grand+Theater/data=!4m2!3m1!1s0x8085808504553e4f:0x1a2a4247dede4756
Snail Bar,https://www.google.com/maps/place/Snail+Bar/data=!4m2!3m1!1s0x80857ffc138f81ff:0xe78b7b52d62de0a2
Bruges,https://www.google.com/maps/place/Bruges/data=!4m2!3m1!1s0x47c350d0c11e420d:0x1aa2f35ac8834df7
Normandy Village,https://www.google.com/maps/place/Normandy+Village/data=!4m2!3m1!1s0x80857e9fe1a4c7e9:0x407ceb25055ebfb6
Binu Bonu,https://www.google.com/maps/place/Binu+Bonu/data=!4m2!3m1!1s0x808f7d005e798357:0xa0cbc6f4fb86bf79
Paloma,https://www.google.com/maps/place/Paloma/data=!4m2!3m1!1s0x8085809f14093257:0x362e644c9da8f17b
Moonstone Beach,https://www.google.com/maps/place/Moonstone+Beach/data=!4m2!3m1!1s0x80ed31a2b5460b71:0x688a83f23e020d61
Mr. Tipple's Jazz Club,https://www.google.com/maps/place/Mr.+Tipple's+Jazz+Club/data=!4m2!3m1!1s0x8085809ea7ae3f8d:0xfd07c446f2b087ca
Santa Catalina Island,https://www.google.com/maps/place/Santa+Catalina+Island/data=!4m2!3m1!1s0x80dd6f237be18b25:0x3e59a3d5c5f50eab
Enliven,https://www.google.com/maps/place/Enliven/data=!4m2!3m1!1s0x8085793b2f5232bd:0xed56a546413b28e4
Millennium,https://www.google.com/maps/place/Millennium/data=!4m2!3m1!1s0x80858091d90376e9:0x27e8dc57b1f43584
Blue Barn Cole Valley,https://www.google.com/maps/place/Blue+Barn+Cole+Valley/data=!4m2!3m1!1s0x808587a51e428665:0x38225e37ab140329
Dunyā Mediterranean Bistro & Wine Bar,https://www.google.com/maps/place/Duny%C4%81+Mediterranean+Bistro+%26+Wine+Bar/data=!4m2!3m1!1s0x808580eb204e81e1:0xf2bb002284615e2d
Acci Gallery Arts & Crafts,https://www.google.com/maps/place/Acci+Gallery+Arts+%26+Crafts/data=!4m2!3m1!1s0x80857ea1a3f4a9e1:0x618fde5c49abb0e1
Jered's Pottery,https://www.google.com/maps/place/Jered's+Pottery/data=!4m2!3m1!1s0x80857ef328f4b9e3:0x984da8b20f614024
Rose Oriental Rugs,https://www.google.com/maps/place/Rose+Oriental+Rugs/data=!4m2!3m1!1s0x8085794b1d57e647:0xdb7182b81dd67ece
Grand Opening,https://www.google.com/maps/place/Grand+Opening/data=!4m2!3m1!1s0x8085818e41bc8747:0x9bd9f44b8b4da6bb
Stella Pastry,https://www.google.com/maps/place/Stella+Pastry/data=!4m2!3m1!1s0x80858142bbda3f7d:0x4e12e74cf9c2346c
LOQUAT,https://www.google.com/maps/place/LOQUAT/data=!4m2!3m1!1s0x808581cfb1f357f3:0xb1fbc9c65d429b75
Design Plus Consignment Gallery,https://www.google.com/maps/place/Design+Plus+Consignment+Gallery/data=!4m2!3m1!1s0x808f7e29d161fa27:0xa9a9fc3becd41e9a
McCarney's Furniture,https://www.google.com/maps/place/McCarney's+Furniture/data=!4m2!3m1!1s0x808f7e2840e8defb:0x21a80423a02c5c21
Russian Hill Bookstore,https://www.google.com/maps/place/Russian+Hill+Bookstore/data=!4m2!3m1!1s0x808580e9b27e323d:0x1a5d56a35d73b09
Narrative,https://www.google.com/maps/place/Narrative/data=!4m2!3m1!1s0x808f80b86f375891:0x1d2b0c937f0953c7
DeLucia's Brick Oven Pizza,https://www.google.com/maps/place/DeLucia's+Brick+Oven+Pizza/data=!4m2!3m1!1s0x89c3ead508abfe7d:0x8417f97e49ac9226
Bridgeview Trailhead,https://www.google.com/maps/place/Bridgeview+Trailhead/data=!4m2!3m1!1s0x808f87a3a69cc98b:0xf0cd62f7c88c8e0
Bird & Beckett Books & Records,https://www.google.com/maps/place/Bird+%26+Beckett+Books+%26+Records/data=!4m2!3m1!1s0x808f7e637e7ffdf3:0x558cf0923294772c
Stuff,https://www.google.com/maps/place/Stuff/data=!4m2!3m1!1s0x808580a71057705d:0xca041c945cd22020
Duc Huong Sandwiches,https://www.google.com/maps/place/Duc+Huong+Sandwiches/data=!4m2!3m1!1s0x808fcd06c24a49b9:0xa4d3fb5c7b0e7fb8
Darby Dan's Sandwiches,https://www.google.com/maps/place/Darby+Dan's+Sandwiches/data=!4m2!3m1!1s0x808f79abb4a88973:0xc5d0810d502170a1
Lorenzo's Sandwich Shop,https://www.google.com/maps/place/Lorenzo's+Sandwich+Shop/data=!4m2!3m1!1s0x808f9f66798e6c4d:0x3da9a2d1c8aa60d4
Little Lucca,https://www.google.com/maps/place/Little+Lucca/data=!4m2!3m1!1s0x808f799c3c0d3a41:0xf1f222d2141a8806
Luccas Italian Delicatessen,https://www.google.com/maps/place/Luccas+Italian+Delicatessen/data=!4m2!3m1!1s0x808f92264aeaebcf:0x77976b68d7c95ac4
La Palma Mexicatessen,https://www.google.com/maps/place/La+Palma+Mexicatessen/data=!4m2!3m1!1s0x808f7e48e2ed257d:0xe881a65b921b318c
Millay Sake + Wine Bar,https://www.google.com/maps/place/Millay+Sake+%2B+Wine+Bar/data=!4m2!3m1!1s0x808f7f20dde97059:0x17470f98f93f5ac3
The Center SF,https://www.google.com/maps/place/The+Center+SF/data=!4m2!3m1!1s0x808580a46b37a939:0x70e518cd801d4aa7
White Elephant Sale,https://www.google.com/maps/place/White+Elephant+Sale/data=!4m2!3m1!1s0x808f86929cb43933:0x5469092573031596
Moon Viewing Garden,https://www.google.com/maps/place/Moon+Viewing+Garden/data=!4m2!3m1!1s0x808587e1070c4ea1:0x935e040b2b115966
Pinhole Coffee,https://www.google.com/maps/place/Pinhole+Coffee/data=!4m2!3m1!1s0x808f7e5c0e58637b:0xf07030520e4c0629
A Cup Of Joy,https://www.google.com/maps/place/A+Cup+Of+Joy/data=!4m2!3m1!1s0x8085811d49385eb5:0x634afda841063f1e
The Interval at Long Now,https://www.google.com/maps/place/The+Interval+at+Long+Now/data=!4m2!3m1!1s0x808581277bcfae83:0x52c6d92ef2e8493a
Cafe Franco,https://www.google.com/maps/place/Cafe+Franco/data=!4m2!3m1!1s0x808580df59218c0d:0x2e80f03fbee9c59d
Empire Mine Rd,https://www.google.com/maps/place/Empire+Mine+Rd/data=!4m2!3m1!1s0x808ff815ce9ff3df:0x731d8c220c4e411
ei home on Chestnut,https://www.google.com/maps/place/ei+home+on+Chestnut/data=!4m2!3m1!1s0x808580d6e9cf380f:0xac52709b80aea789
Mission Blue,https://www.google.com/maps/place/Mission+Blue/data=!4m2!3m1!1s0x808f7fe7b3ecf1f9:0xd5d3ad7b418dc876
Eye and Hand Society,https://www.google.com/maps/place/Eye+and+Hand+Society/data=!4m2!3m1!1s0x80858739a229efb5:0xe2df456cdbbdcc10
State Of Flux Shop,https://www.google.com/maps/place/State+Of+Flux+Shop/data=!4m2!3m1!1s0x808f7f015b76d86d:0xfbb0b0ff1984b46d
Fleet Wood,https://www.google.com/maps/place/Fleet+Wood/data=!4m2!3m1!1s0x808580914b0e090d:0xcf8398cd13b9bd89
Ryoko's Japanese Restaurant & Bar,https://www.google.com/maps/place/Ryoko's+Japanese+Restaurant+%26+Bar/data=!4m2!3m1!1s0x8085808e0fbbe951:0x2a0d6d496a174461
Beep's Burgers,https://www.google.com/maps/place/Beep's+Burgers/data=!4m2!3m1!1s0x808f7c2cca438521:0x258eea78dcf8d1aa
Maison Nico,https://www.google.com/maps/place/Maison+Nico/data=!4m2!3m1!1s0x8085808ac9449027:0x115ef83bfda678d9
The Ramp Restaurant,https://www.google.com/maps/place/The+Ramp+Restaurant/data=!4m2!3m1!1s0x808f7fc7075d7a5d:0xda64c5a14e437ab6
Noisebridge,https://www.google.com/maps/place/Noisebridge/data=!4m2!3m1!1s0x808f7e23baa2b1df:0x81b913a252fb8d04
Neighbor's Corner,https://www.google.com/maps/place/Neighbor's+Corner/data=!4m2!3m1!1s0x808f7e0f7300e435:0x4adf01760aa7df3f
Verjus,https://www.google.com/maps/place/Verjus/data=!4m2!3m1!1s0x8085812c80cb1f65:0xb19841bbfa99695e
Morella,https://www.google.com/maps/place/Morella/data=!4m2!3m1!1s0x808581007af3c3fd:0x56ca5091864fd951
Cliff's Variety,https://www.google.com/maps/place/Cliff's+Variety/data=!4m2!3m1!1s0x808f7e1b363af2c7:0x77c754b080cab734
L'Ardoise Bistro,https://www.google.com/maps/place/L'Ardoise+Bistro/data=!4m2!3m1!1s0x808f7e1d6d51dae7:0x7adfa8a91614f429
Owl Tree,https://www.google.com/maps/place/Owl+Tree/data=!4m2!3m1!1s0x8085808e16abe0dd:0xf7aaa8ec93fd8fbc
Braid Bakery,https://www.google.com/maps/place/Braid+Bakery/data=!4m2!3m1!1s0x8085873c9c5e1f79:0x7605792b54d74ec6
Kookie International,https://www.google.com/maps/place/Kookie+International/data=!4m2!3m1!1s0x808f7e282bc51507:0x6098d571ff990094
Bombera,https://www.google.com/maps/place/Bombera/data=!4m2!3m1!1s0x808f8713574e6583:0x709f1807dd19d5f2
K&L Wine Merchants,https://www.google.com/maps/place/K%26L+Wine+Merchants/data=!4m2!3m1!1s0x808f7fd5dc530c19:0x3d3a00524d97c1b2
Busy Beaver Button Co.,https://www.google.com/maps/place/Busy+Beaver+Button+Co./data=!4m2!3m1!1s0x880fcd65d9dae19f:0xfb71582f9c0dbe11
Roses on Adeline,https://www.google.com/maps/place/Roses+on+Adeline/data=!4m2!3m1!1s0x80857ffd77de6157:0xf0d383c7dbdb764e
Four Kings 四大天王,https://www.google.com/maps/place/Four+Kings+%E5%9B%9B%E5%A4%A7%E5%A4%A9%E7%8E%8B/data=!4m2!3m1!1s0x808581fd41abf70f:0x398ca38369b79917
Blooms End at Neighboring Fields,https://www.google.com/maps/place/Blooms+End+at+Neighboring+Fields/data=!4m2!3m1!1s0x8085b72c33d1d01d:0xc2c4baf0c0dc7538
Tanzie's,https://www.google.com/maps/place/Tanzie's/data=!4m2!3m1!1s0x80857f62959f3f2b:0xe990cb2da391bbeb
Ham & Cheese Deli,https://www.google.com/maps/place/Ham+%26+Cheese+Deli/data=!4m2!3m1!1s0x808587676c293d6d:0xb569b8f55d55cddd
Kin Khao,https://www.google.com/maps/place/Kin+Khao/data=!4m2!3m1!1s0x8085808f6271f69f:0xadd8ad86b7096cdb
Michael Warring,https://www.google.com/maps/place/Michael+Warring/data=!4m2!3m1!1s0x80850d5ab46be825:0x61dbdf1d9b553dc7
Spruce,https://www.google.com/maps/place/Spruce/data=!4m2!3m1!1s0x808587317bf94eff:0xb16d662a9194be31
SAN HO WON,https://www.google.com/maps/place/SAN+HO+WON/data=!4m2!3m1!1s0x808f7f58c1600a05:0x485c8e7a6681c5a1
Itria,https://www.google.com/maps/place/Itria/data=!4m2!3m1!1s0x808f7f0edcb84683:0x2b5055a4511ac21f
Trestle Restaurant,https://www.google.com/maps/place/Trestle+Restaurant/data=!4m2!3m1!1s0x808580f4d6db7e5d:0xffdcfce353003dbc
3rd Cousin,https://www.google.com/maps/place/3rd+Cousin/data=!4m2!3m1!1s0x808f7e59c24878f9:0xca05f63ab44beae5
Mijoté,https://www.google.com/maps/place/Mijot%C3%A9/data=!4m2!3m1!1s0x808f7f2d7fc8e2ff:0x3403dcab278df373
Cotogna,https://www.google.com/maps/place/Cotogna/data=!4m2!3m1!1s0x808580f5182f4603:0x355bdd340d9a7979
7 Adams,https://www.google.com/maps/place/7+Adams/data=!4m2!3m1!1s0x808581b28aec5b5d:0x4cfd534a30f5607d
Yank Sing (Stevenson St.),https://www.google.com/maps/place/Yank+Sing+(Stevenson+St.)/data=!4m2!3m1!1s0x80858062f725a5d5:0x714e9d1fe7c38f4d
Burdell,https://www.google.com/maps/place/Burdell/data=!4m2!3m1!1s0x80857d85dc88b385:0x24f4646060356f82
Corzetti,https://www.google.com/maps/place/Corzetti/data=!4m2!3m1!1s0x8085808ef8d7cfeb:0xdc08ee4de2738054
Flour + Water,https://www.google.com/maps/place/Flour+%2B+Water/data=!4m2!3m1!1s0x808f7e375e82560d:0x672c242d518603e0
Bloomingdale's,https://www.google.com/maps/place/Bloomingdale's/data=!4m2!3m1!1s0x808580866c2989cb:0xd97b27f720bcf7c8
Beit Rima,https://www.google.com/maps/place/Beit+Rima/data=!4m2!3m1!1s0x8085870e8d6595a5:0xf863e2ac97e432f5
Lung Fung Bakery,https://www.google.com/maps/place/Lung+Fung+Bakery/data=!4m2!3m1!1s0x8085871076bc2a45:0x1648d7b498777a13
Duck Fountain,https://www.google.com/maps/place/Duck+Fountain/data=!4m2!3m1!1s0x8085810021caeb75:0x8288e76189ffcb4b
Rasa - Burlingame,https://www.google.com/maps/place/Rasa+-+Burlingame/data=!4m2!3m1!1s0x808f9df03522384d:0x8d5cfc4bf58abec6
Kibatsu,https://www.google.com/maps/place/Kibatsu/data=!4m2!3m1!1s0x80858193b346a9ff:0xce3af9846feb9631
Seakor Polish Deli,https://www.google.com/maps/place/Seakor+Polish+Deli/data=!4m2!3m1!1s0x8085870f76fb60ab:0x1e29acf2433d02b7
Leleka Ukrainian Comfort Food,https://www.google.com/maps/place/Leleka+Ukrainian+Comfort+Food/data=!4m2!3m1!1s0x8085808986b060e9:0xe6252ece05699605
Red Tavern,https://www.google.com/maps/place/Red+Tavern/data=!4m2!3m1!1s0x808587057421aca7:0x502c95ae8083fc4d
Isarn Garden Thai Cuisine,https://www.google.com/maps/place/Isarn+Garden+Thai+Cuisine/data=!4m2!3m1!1s0x808fa3c37ff1c477:0x32c234e2553e7fcd
Ungrafted,https://www.google.com/maps/place/Ungrafted/data=!4m2!3m1!1s0x808f7fb997b119d7:0x967f0b8ddb18023e
Gameshop Downstairs,https://www.google.com/maps/place/Gameshop+Downstairs/data=!4m2!3m1!1s0x808fccbcfc286827:0x7c0c8bbfa5d3733
Aji Kiji,https://www.google.com/maps/place/Aji+Kiji/data=!4m2!3m1!1s0x80858139ef35dcfb:0xdaba6a2e6f866ed6
Pakwan Restaurant,https://www.google.com/maps/place/Pakwan+Restaurant/data=!4m2!3m1!1s0x808f7e22734c71eb:0xb5fcfeefc0a4804e
Shalimar Restaurant,https://www.google.com/maps/place/Shalimar+Restaurant/data=!4m2!3m1!1s0x80858091d431bfd3:0x7d28687e051c6ea3
Karimi Restaurant,https://www.google.com/maps/place/Karimi+Restaurant/data=!4m2!3m1!1s0x808fcb81ad82da79:0x7b2c585ade681b91
New India Bazar,https://www.google.com/maps/place/New+India+Bazar/data=!4m2!3m1!1s0x808580943c13f305:0xd374363d0ebc23a9
Soba Ichi,https://www.google.com/maps/place/Soba+Ichi/data=!4m2!3m1!1s0x80857f9d10fbddc1:0xc223efa369049bb5
Moss Beach,https://www.google.com/maps/place/Moss+Beach/data=!4m2!3m1!1s0x808f7173d3511a43:0xa4731b6ab5a4ffad
Cafe Réveille,https://www.google.com/maps/place/Cafe+R%C3%A9veille/data=!4m2!3m1!1s0x808580a6fa4585ef:0x40a859dd201e466f
Tarragon Cafe,https://www.google.com/maps/place/Tarragon+Cafe/data=!4m2!3m1!1s0x808581757bef3529:0x144b30db4736a10
Dago Bagel,https://www.google.com/maps/place/Dago+Bagel/data=!4m2!3m1!1s0x8085817a06a47f09:0x7fcc9641093c40e0
PizzaHacker/BagelMacher SF,https://www.google.com/maps/place/PizzaHacker%2FBagelMacher+SF/data=!4m2!3m1!1s0x808f7e3b557bdc4f:0x253d67a274e49fac
Holey Bagel,https://www.google.com/maps/place/Holey+Bagel/data=!4m2!3m1!1s0x808f7e149a5fb643:0x9c516a4384f47748
Mc Baker Market & Deli,https://www.google.com/maps/place/Mc+Baker+Market+%26+Deli/data=!4m2!3m1!1s0x8085811401cdd1db:0x1660e0a55e89f342
Banh Mi Crunch,https://www.google.com/maps/place/Banh+Mi+Crunch/data=!4m2!3m1!1s0x8085870fb17e94a9:0xfe317f100cf3af2f
Handy Deli,https://www.google.com/maps/place/Handy+Deli/data=!4m2!3m1!1s0x8085870e0bafad67:0xa4d9e920c738f27a
Ring Mountain Preserve,https://www.google.com/maps/place/Ring+Mountain+Preserve/data=!4m2!3m1!1s0x80859b27a948c6b9:0xafefbf76501a08e
Guerra Quality Meats,https://www.google.com/maps/place/Guerra+Quality+Meats/data=!4m2!3m1!1s0x808f7d93116ce91f:0x2bcb4b8fa65d0114
Slice House by Tony Gemignani,https://www.google.com/maps/place/Slice+House+by+Tony+Gemignani/data=!4m2!3m1!1s0x0:0x302989644e2c4da7
Nick's Pizza and Bakery Made in Oakland,https://www.google.com/maps/place/Nick's+Pizza+and+Bakery+Made+in+Oakland/data=!4m2!3m1!1s0x80857e7806fc753f:0x617a55fd6a393353
Gioia Pizzeria,https://www.google.com/maps/place/Gioia+Pizzeria/data=!4m2!3m1!1s0x8085818743a4ca0d:0xb199247306c93eab
Hokkaido Sashimi Marketplace,https://www.google.com/maps/place/Hokkaido+Sashimi+Marketplace/data=!4m2!3m1!1s0x80858722fb6db507:0xe7225f6b61cb301e
Gaspare's Pizza House & Italian Restaurant,https://www.google.com/maps/place/Gaspare's+Pizza+House+%26+Italian+Restaurant/data=!4m2!3m1!1s0x80858710489ee33d:0xded45cc81cc3b454
Serrano's Pizza and Pasta,https://www.google.com/maps/place/Serrano's+Pizza+and+Pasta/data=!4m2!3m1!1s0x808f7e3e84c45f33:0x8b0c7dd057d9a559
COPPER CHIMNEY,https://www.google.com/maps/place/COPPER+CHIMNEY/data=!4m2!3m1!1s0x808f7d6d63c7d4b9:0x9167c5d01ea8cb37
Sichuan Home,https://www.google.com/maps/place/Sichuan+Home/data=!4m2!3m1!1s0x80858716ea9898f7:0x1198dc155fbeab4
Cafe Europa,https://www.google.com/maps/place/Cafe+Europa/data=!4m2!3m1!1s0x8085873c830378cf:0xe2650617409a824e
State of Grace,https://www.google.com/maps/place/State+of+Grace/data=!4m2!3m1!1s0x808fcc84e59c30d9:0x80333b79f4d3762e
Maillards,https://www.google.com/maps/place/Maillards/data=!4m2!3m1!1s0x8085870020d4158b:0x9a8a570b50b8b2c8
47th Ave & Irving St,https://www.google.com/maps/place/47th+Ave+%26+Irving+St/data=!4m2!3m1!1s0x808587965b72b7ef:0xa7505ce4199d1916
23rd Street Studio,https://www.google.com/maps/place/23rd+Street+Studio/data=!4m2!3m1!1s0x808f7e1507bdaa61:0x85bdcbe1eb31f04
Abigail's Flowers,https://www.google.com/maps/place/Abigail's+Flowers/data=!4m2!3m1!1s0x808580884a9ee2f5:0xa1862de144610c00
Curry Leaf,https://www.google.com/maps/place/Curry+Leaf/data=!4m2!3m1!1s0x808580e56bfe9f13:0xbda408dd7d095246
The Salvation Army Thrift Store & Donation Center,https://www.google.com/maps/place/The+Salvation+Army+Thrift+Store+%26+Donation+Center/data=!4m2!3m1!1s0x808587391b7cf3ab:0xc0a5b0e074d710a9
Snowbird Coffee,https://www.google.com/maps/place/Snowbird+Coffee/data=!4m2!3m1!1s0x8085875dcd4e3b23:0xbd19d357e5410ad3
Yogurt Park,https://www.google.com/maps/place/Yogurt+Park/data=!4m2!3m1!1s0x80857c28b33ffc57:0x82083136f5255638
Edo Salon,https://www.google.com/maps/place/Edo+Salon/data=!4m2!3m1!1s0x808580a68ca785d1:0xc69caf2e19dd1cde
"37°53'36.1""N 122°14'42.0""W","https://www.google.com/maps/search/37.8933611,-122.245"
Castle Rock State Park,https://www.google.com/maps/place/Castle+Rock+State+Park/data=!4m2!3m1!1s0x808e4c907248a8d5:0xd8e25b63114d9dfc
Pulgas Water Temple,https://www.google.com/maps/place/Pulgas+Water+Temple/data=!4m2!3m1!1s0x808fa0341466c8f1:0x35aaf9caca753a32
Suruki Supermarket,https://www.google.com/maps/place/Suruki+Supermarket/data=!4m2!3m1!1s0x808f9e703d0839df:0xd6f13ace7c934402
Breadbelly,https://www.google.com/maps/place/Breadbelly/data=!4m2!3m1!1s0x80858796efe1a1d3:0x76cd03e55c99edad
Boats & Beans,https://www.google.com/maps/place/Boats+%26+Beans/data=!4m2!3m1!1s0x808f87d1805f91b3:0x907872a1ec7a6c35
Akoma Church of Entheogenic Plants,https://www.google.com/maps/place/Akoma+Church+of+Entheogenic+Plants/data=!4m2!3m1!1s0x808f81e2797fb1ab:0x558da9c31b90022e
Cone Shape Top,https://www.google.com/maps/place/Cone+Shape+Top/data=!4m2!3m1!1s0x80857f1ec0d1233d:0xa0795db5defac54c
Mazra,https://www.google.com/maps/place/Mazra/data=!4m2!3m1!1s0x808f795b72482e77:0x56eab20baa43378a
MAZRA,https://www.google.com/maps/place/MAZRA/data=!4m2!3m1!1s0x808fa3cf1e627379:0x42c3b0eb5e7f0399
Alemany Farmer's Market,https://www.google.com/maps/place/Alemany+Farmer's+Market/data=!4m2!3m1!1s0x808f7ef8622bb97b:0x70eaf52d5833e878
Philmore Creamery,https://www.google.com/maps/place/Philmore+Creamery/data=!4m2!3m1!1s0x808581048f7b51c5:0x11160addcb6efb67
White Horse Inn,https://www.google.com/maps/place/White+Horse+Inn/data=!4m2!3m1!1s0x80857dd72846c45f:0x21a324bd7e535f35
Free Gold Watch,https://www.google.com/maps/place/Free+Gold+Watch/data=!4m2!3m1!1s0x80858751638705a1:0xc5438abd8814e010
Arion Press,https://www.google.com/maps/place/Arion+Press/data=!4m2!3m1!1s0x8085871939ec8a67:0x5e559af1e76762dd
Prubechu,https://www.google.com/maps/place/Prubechu/data=!4m2!3m1!1s0x808f7fb3020aebc5:0xe789fa557ffab2e2
Moscow & Tbilisi Bakery Store,https://www.google.com/maps/place/Moscow+%26+Tbilisi+Bakery+Store/data=!4m2!3m1!1s0x80858710489eebb1:0x5a2a3c8319f7fa00
Manitas Cafe,https://www.google.com/maps/place/Manitas+Cafe/data=!4m2!3m1!1s0x8085874db9410e47:0x2f39922855245432
Universal Bakery on Mission,https://www.google.com/maps/place/Universal+Bakery+on+Mission/data=!4m2!3m1!1s0x808f7e5d405c2f8b:0xb24e30761070f266
Oakland Secret,https://www.google.com/maps/place/Oakland+Secret/data=!4m2!3m1!1s0x808f80b9b64bff25:0x63372c1ccf6c9b03
Crisis Club Gallery,https://www.google.com/maps/place/Crisis+Club+Gallery/data=!4m2!3m1!1s0x80857f170d35b20b:0x84f1dd775514d7e8
Osaka Marketplace,https://www.google.com/maps/place/Osaka+Marketplace/data=!4m2!3m1!1s0x808fc71a83bb6811:0x5ab13b1fec085d95
TRULY Mediterranean,https://www.google.com/maps/place/TRULY+Mediterranean/data=!4m2!3m1!1s0x808f7fcb36bd7bf1:0x921f68f4f73120a7
Henry Cowell Redwoods State Park,https://www.google.com/maps/place/Henry+Cowell+Redwoods+State+Park/data=!4m2!3m1!1s0x808e46b69091be0d:0x63eb914b3b3f47a8
Armstrong Woods Rd,https://www.google.com/maps/place/Armstrong+Woods+Rd/data=!4m2!3m1!1s0x80841f20c4cd75d3:0x52d9573f511fec7f
Womb House Books,https://www.google.com/maps/place/Womb+House+Books/data=!4m2!3m1!1s0x80857d67910fe0ff:0xb1a42ba1747ab30c
Yuen Hop Noodle Company & Grocery,https://www.google.com/maps/place/Yuen+Hop+Noodle+Company+%26+Grocery/data=!4m2!3m1!1s0x808f80b5e005f6a5:0xf9113b1441cc1672
Fikscue Craft BBQ,https://www.google.com/maps/place/Fikscue+Craft+BBQ/data=!4m2!3m1!1s0x808f87605b3c5617:0x775ca0a05a2714e3
Muukata6395,https://www.google.com/maps/place/Muukata6395/data=!4m2!3m1!1s0x808587f8b29d0507:0x3e1667d95f47004f
Co Nam,https://www.google.com/maps/place/Co+Nam/data=!4m2!3m1!1s0x80857d276816ec07:0xe10e1908316e21ee
La casa de Maria,https://www.google.com/maps/place/La+casa+de+Maria/data=!4m2!3m1!1s0x808f8f9c906426ab:0x23f9ee2cd5fd8b53
Big House Beans,https://www.google.com/maps/place/Big+House+Beans/data=!4m2!3m1!1s0x80857da0ab5acd85:0x8ba47775f6387d18
Sailing Goat Restaurant,https://www.google.com/maps/place/Sailing+Goat+Restaurant/data=!4m2!3m1!1s0x80859d7682705b41:0x8e274f43d7229228
Bara's Deli,https://www.google.com/maps/place/Bara's+Deli/data=!4m2!3m1!1s0x808f902f8d8bafbf:0x88b54cd56ab7b3bc
Tiger Tea & Juice,https://www.google.com/maps/place/Tiger+Tea+%26+Juice/data=!4m2!3m1!1s0x808f7de68ffbba43:0xf7b4950f3532a680
Waller St & Buchanan St,https://www.google.com/maps/place/Waller+St+%26+Buchanan+St/data=!4m2!3m1!1s0x808580a0f819fba1:0x621c840ca7280a1
Sushi Delight,https://www.google.com/maps/place/Sushi+Delight/data=!4m2!3m1!1s0x808580a0760abc83:0xcdbc6261672fb505
Heron's Head Park Wetland,https://www.google.com/maps/place/Heron's+Head+Park+Wetland/data=!4m2!3m1!1s0x808f7f6e13c191d3:0xdc62cef5502c2a90
Greens,https://www.google.com/maps/place/Greens/data=!4m2!3m1!1s0x808580de5e80e771:0x50b7afb9582bbdba
Sushi Salon,https://www.google.com/maps/place/Sushi+Salon/data=!4m2!3m1!1s0x80857f9320dca517:0x4f6ce85deca56aec
Internet Archive,https://www.google.com/maps/place/Internet+Archive/data=!4m2!3m1!1s0x808587003a52e001:0x36d65c384057a775
Avatar's Punjabi Burritos,https://www.google.com/maps/place/Avatar's+Punjabi+Burritos/data=!4m2!3m1!1s0x8085906d9b7d34c7:0x18aa209964a89672
Azalina's,https://www.google.com/maps/place/Azalina's/data=!4m2!3m1!1s0x80858116c8bb6a41:0x1ecc40c53b586d01
DAYTRIP,https://www.google.com/maps/place/DAYTRIP/data=!4m2!3m1!1s0x80857d9e20fa00fb:0x15b7e67e9cfa4d9c
Antiques on Solano,https://www.google.com/maps/place/Antiques+on+Solano/data=!4m2!3m1!1s0x8085794b5b25d879:0x60f690daa4219430
Maison Benoit,https://www.google.com/maps/place/Maison+Benoit/data=!4m2!3m1!1s0x808f8d8a522c6987:0x3635cb41a92a0b4f
Samiramis Imports,https://www.google.com/maps/place/Samiramis+Imports/data=!4m2!3m1!1s0x808f7e46b2b08241:0xc5ef97b1f1a7e4c3
Cinderella Bakery & Cafe,https://www.google.com/maps/place/Cinderella+Bakery+%26+Cafe/data=!4m2!3m1!1s0x8085874754d9a01b:0xc64665b0f22fdd37
Belotti Bottega,https://www.google.com/maps/place/Belotti+Bottega/data=!4m2!3m1!1s0x80857df77a842977:0x5a4f8a6d74d42396
The Pressroom and Mercantile at The Box SF,https://www.google.com/maps/place/The+Pressroom+and+Mercantile+at+The+Box+SF/data=!4m2!3m1!1s0x8085815f1f8d3bed:0xab11b0b2f5d97bfc
Telescope Coffee,https://www.google.com/maps/place/Telescope+Coffee/data=!4m2!3m1!1s0x808f7f8819401099:0x12238a11ac69e1b8
Cheap Pete's Frame Factory Outlet,https://www.google.com/maps/place/Cheap+Pete's+Frame+Factory+Outlet/data=!4m2!3m1!1s0x80857dce0c49ebf9:0xc80bc3590e6d4e31
minimo,https://www.google.com/maps/place/minimo/data=!4m2!3m1!1s0x808f80c822d2483f:0x6a9cde634079209a
Amphora Nueva: Berkeley Olive Oil Works,https://www.google.com/maps/place/Amphora+Nueva:+Berkeley+Olive+Oil+Works/data=!4m2!3m1!1s0x80857dc9f27bfb6b:0x96f0800795bc1db4
States Coffee,https://www.google.com/maps/place/States+Coffee/data=!4m2!3m1!1s0x80857d909c08c943:0xede3ab3ac674c73
Morell's Bread,https://www.google.com/maps/place/Morell's+Bread/data=!4m2!3m1!1s0x80857ef251b09363:0xa8c7e91d3db6916e
LA GRANA FISH,https://www.google.com/maps/place/LA+GRANA+FISH/data=!4m2!3m1!1s0x808f87a1f0b9983d:0xb094cd6af71e6e86
Rico Rico Taco,https://www.google.com/maps/place/Rico+Rico+Taco/data=!4m2!3m1!1s0x808f876e04ed5de9:0xbcf8a230afd56107
Tacos Sinaloa,https://www.google.com/maps/place/Tacos+Sinaloa/data=!4m2!3m1!1s0x80857e2eef515321:0xd4ea727fb6f527b8
Lost Cat Bar & Bites,https://www.google.com/maps/place/Lost+Cat+Bar+%26+Bites/data=!4m2!3m1!1s0x808581fbdb0f3765:0x41aec76505569041
TAROCCO,https://www.google.com/maps/place/TAROCCO/data=!4m2!3m1!1s0x80857f9e239dc10f:0x6aac93b113e94225
Bazaar Café,https://www.google.com/maps/place/Bazaar+Caf%C3%A9/data=!4m2!3m1!1s0x808587052a1b04df:0x6c712ac5a2ba7dcf
Chinese Culture Center of San Francisco,https://www.google.com/maps/place/Chinese+Culture+Center+of+San+Francisco/data=!4m2!3m1!1s0x8085808b287f3b3b:0xe38ed6c94f538efc
Blunk Space,https://www.google.com/maps/place/Blunk+Space/data=!4m2!3m1!1s0x8085c76d7da2254f:0x4246be2b2b2a4c97
Kaleidoscope Coffee,https://www.google.com/maps/place/Kaleidoscope+Coffee/data=!4m2!3m1!1s0x808582cf364c5377:0x24d4516cf467d6c0
1600 Divisadero St,https://www.google.com/maps/place/1600+Divisadero+St/data=!4m2!3m1!1s0x808580b6260c51eb:0x29f3ead4c2d71c78
Healthyish Bakery,https://www.google.com/maps/place/Healthyish+Bakery/data=!4m2!3m1!1s0x808f7f25305b3f2b:0x8d06c85ffdd03125
Eterna Primavera Bakery,https://www.google.com/maps/place/Eterna+Primavera+Bakery/data=!4m2!3m1!1s0x808f7f65de321085:0x39e1723743e70bf6
The Alembic,https://www.google.com/maps/place/The+Alembic/data=!4m2!3m1!1s0x80858753cb1b13e1:0xb859248d97676cb0
Smuggler's Cove,https://www.google.com/maps/place/Smuggler's+Cove/data=!4m2!3m1!1s0x808580980d878265:0x2f020a98342c5d5d
Nono,https://www.google.com/maps/place/Nono/data=!4m2!3m1!1s0x808581f7c0bc5533:0x75ead6ad332c885c
Chaska Restaurant,https://www.google.com/maps/place/Chaska+Restaurant/data=!4m2!3m1!1s0x80858742db27120d:0x54b014af62dba69b
Toyama Japanese Restaurant,https://www.google.com/maps/place/Toyama+Japanese+Restaurant/data=!4m2!3m1!1s0x808587384a80fd6b:0xc50c5aa2d92f9dc5
Marigold Café,https://www.google.com/maps/place/Marigold+Caf%C3%A9/data=!4m2!3m1!1s0x808f7f75d9b97d85:0x478dc0501e0e8c8e
Roxie Theater,https://www.google.com/maps/place/Roxie+Theater/data=!4m2!3m1!1s0x808f7e224225a85f:0x9b98c13315dda277
Pegasus Books,https://www.google.com/maps/place/Pegasus+Books/data=!4m2!3m1!1s0x80857dc286395c41:0xdde84ce7c725b8b4
Walden Pond Books,https://www.google.com/maps/place/Walden+Pond+Books/data=!4m2!3m1!1s0x808f8743a0542b7f:0x286d0949bcbb46de
Marcus Book Stores,https://www.google.com/maps/place/Marcus+Book+Stores/data=!4m2!3m1!1s0x80857e088ab84925:0x4595b78a05579ccb
Spectator Books,https://www.google.com/maps/place/Spectator+Books/data=!4m2!3m1!1s0x80857df723eb38c9:0xc589fd1e0690daee
Black Swan,https://www.google.com/maps/place/Black+Swan/data=!4m2!3m1!1s0x80857df6c6055c53:0xae291a08c1d819c6
Owl & Company Bookshop,https://www.google.com/maps/place/Owl+%26+Company+Bookshop/data=!4m2!3m1!1s0x80857df77f96f4d9:0xf36adf2db33b71f4
Transmission Gallery Oakland,https://www.google.com/maps/place/Transmission+Gallery+Oakland/data=!4m2!3m1!1s0x808f80a8f2adb803:0xada13a3f8e09ba25
Joyce Gordon Gallery,https://www.google.com/maps/place/Joyce+Gordon+Gallery/data=!4m2!3m1!1s0x808f80b3f0e3722b:0x40257da35fef82c7
1500 Broadway,https://www.google.com/maps/place/1500+Broadway/data=!4m2!3m1!1s0x808f80b3cfa05297:0x86144306cd3da562
WERKSHACK,https://www.google.com/maps/place/WERKSHACK/data=!4m2!3m1!1s0x808f80ab7b4c4c01:0xd714e06cf63a480e
Manna Gallery,https://www.google.com/maps/place/Manna+Gallery/data=!4m2!3m1!1s0x808f80ab64194c49:0x202daa555e0e2331
Mercury 20 Gallery,https://www.google.com/maps/place/Mercury+20+Gallery/data=!4m2!3m1!1s0x808f80ab65ba5add:0x4adfb2e394668385
Creative Growth Art Center,https://www.google.com/maps/place/Creative+Growth+Art+Center/data=!4m2!3m1!1s0x808f875323b61687:0x99ed838ee878c92a
Rock Paper Scissors Collective,https://www.google.com/maps/place/Rock+Paper+Scissors+Collective/data=!4m2!3m1!1s0x808f80ac67b401b5:0xe1e2c7a6bcd3d96e
Gray Loft Gallery,https://www.google.com/maps/place/Gray+Loft+Gallery/data=!4m2!3m1!1s0x808f86ed2213156f:0x1fc789de548ff4bf
GearBox Gallery,https://www.google.com/maps/place/GearBox+Gallery/data=!4m2!3m1!1s0x808f80a8f2a4e99f:0xa4ff81cf5689c361
UMA Gallery Oakland,https://www.google.com/maps/place/UMA+Gallery+Oakland/data=!4m2!3m1!1s0x80857d65e27324cf:0x4e575dc61421fa2b
ReLove Oakland,https://www.google.com/maps/place/ReLove+Oakland/data=!4m2!3m1!1s0x808f87e2c89d57ef:0x24cff5c4d8ab3b0b
Mercy Vintage,https://www.google.com/maps/place/Mercy+Vintage/data=!4m2!3m1!1s0x80857df6dfbc2361:0x37327902d0bba699
Tokaido Arts,https://www.google.com/maps/place/Tokaido+Arts/data=!4m2!3m1!1s0x808580b91fcb8cd3:0x12eb4ac42331e86c
Toyose,https://www.google.com/maps/place/Toyose/data=!4m2!3m1!1s0x8085878a8085d297:0xadf6a9f9923446f2
Bizza (San Francisco),https://www.google.com/maps/place/Bizza+(San+Francisco)/data=!4m2!3m1!1s0x808580acca510b73:0x84ea2e2ebe50fc8d
Willow on the Green,https://www.google.com/maps/place/Willow+on+the+Green/data=!4m2!3m1!1s0x808587e295c4a9ed:0x76eb5c56fb48918a
Taqueria El Paisa,https://www.google.com/maps/place/Taqueria+El+Paisa/data=!4m2!3m1!1s0x808f86651b3721c3:0x7f489dc90195bdf9
Mr Szechuan,https://www.google.com/maps/place/Mr+Szechuan/data=!4m2!3m1!1s0x808f7deb1ffce529:0x679e907a8a06c3df
The Local Flea,https://www.google.com/maps/place/The+Local+Flea/data=!4m2!3m1!1s0x808f79ad8e583885:0xe5e9a8c252bfcb68
Remoov,https://www.google.com/maps/place/Remoov/data=!4m2!3m1!1s0x808f7e27cd7be5e1:0xc7d77ce350c36b28
Doremi Music Studio,https://www.google.com/maps/place/Doremi+Music+Studio/data=!4m2!3m1!1s0x808580bee0a50257:0xa6ad968cf2e9020f
Taava Kitchen,https://www.google.com/maps/place/Taava+Kitchen/data=!4m2!3m1!1s0x808f81dfb5afc213:0x296ad0eec036fa34
Lime Tree,https://www.google.com/maps/place/Lime+Tree/data=!4m2!3m1!1s0x8085875beeeec36b:0x5f4cd434656ec9e2
Thanh Long Restaurant,https://www.google.com/maps/place/Thanh+Long+Restaurant/data=!4m2!3m1!1s0x808587972836c929:0x16c9addcf0d90707
Cordon Bleu Vietnamese Restaurant,https://www.google.com/maps/place/Cordon+Bleu+Vietnamese+Restaurant/data=!4m2!3m1!1s0x80858094cc86042b:0x24bdd6200ba79d51
Horsefeather,https://www.google.com/maps/place/Horsefeather/data=!4m2!3m1!1s0x808580afba4f8305:0x192a8bf933cdbb90
CORD & COMPANY,https://www.google.com/maps/place/CORD+%26+COMPANY/data=!4m2!3m1!1s0x808f811b202b2d8d:0x392de5f681660ffb
Mayflower Restaurant,https://www.google.com/maps/place/Mayflower+Restaurant/data=!4m2!3m1!1s0x808fe92e4b73b641:0xb65b0dff4a71ce06
SCRAP,https://www.google.com/maps/place/SCRAP/data=!4m2!3m1!1s0x808f7faad8a6e95d:0xebebc6b2b766a880
Tea & Others,https://www.google.com/maps/place/Tea+%26+Others/data=!4m2!3m1!1s0x808581fdc2e7c50d:0x8eb2043c1506dc92
"AURA Boba Tea, Coffee, & Desserts","https://www.google.com/maps/place/AURA+Boba+Tea,+Coffee,+%26+Desserts/data=!4m2!3m1!1s0x80857d93420f85b5:0x916d800245cf03ff"
SOMISOMI,https://www.google.com/maps/place/SOMISOMI/data=!4m2!3m1!1s0x808f7f37b0abcae5:0xf7d25f919cf36988
Killer Noodle Tsujita,https://www.google.com/maps/place/Killer+Noodle+Tsujita/data=!4m2!3m1!1s0x80c2bb74e300f8db:0x272f752ecb1b278d
Hook Fish Co,https://www.google.com/maps/place/Hook+Fish+Co/data=!4m2!3m1!1s0x8085878fa186581b:0x822793974e4c73f9
Farmhouse Kitchen Thai Cuisine,https://www.google.com/maps/place/Farmhouse+Kitchen+Thai+Cuisine/data=!4m2!3m1!1s0x808f80c88d7c622f:0xb8f0da1904b1c276
The Laundromat SF,https://www.google.com/maps/place/The+Laundromat+SF/data=!4m2!3m1!1s0x808587f9cfaf6df5:0x93e625a01c4e06ca
Happy Family Gourmet Inc,https://www.google.com/maps/place/Happy+Family+Gourmet+Inc/data=!4m2!3m1!1s0x808f7d91b3fbffff:0x724c4b983ab3bbaf
The Social Study,https://www.google.com/maps/place/The+Social+Study/data=!4m2!3m1!1s0x808580b9088aa4ef:0x66f40b4db6d5e7b
Pas Normal Studios San Francisco,https://www.google.com/maps/place/Pas+Normal+Studios+San+Francisco/data=!4m2!3m1!1s0x80858137574dbda5:0x16f0851d45705bf2
A.B.O. Comix,https://www.google.com/maps/place/A.B.O.+Comix/data=!4m2!3m1!1s0x808f81cdd73e0205:0x22649bb0cff29f54
Utsuwa Floral Design,https://www.google.com/maps/place/Utsuwa+Floral+Design/data=!4m2!3m1!1s0x808580c3b6a83bc1:0xd8141a7f76d67c70
Seventh Son Tattoo,https://www.google.com/maps/place/Seventh+Son+Tattoo/data=!4m2!3m1!1s0x808580824392d02d:0x6a853f8fbef377b2
843 Stockton St,https://www.google.com/maps/place/843+Stockton+St/data=!4m2!3m1!1s0x8085808cb94e2dc1:0xdf8734cdb9ccfc7
Belle's Bagels,https://www.google.com/maps/place/Belle's+Bagels/data=!4m2!3m1!1s0x80c2c3fe2ee8ac8f:0xc690d2b47d298f3b
Gregangelo's Velocity Arts & Entertainment,https://www.google.com/maps/place/Gregangelo's+Velocity+Arts+%26+Entertainment/data=!4m2!3m1!1s0x808f7dc6aaaaaaab:0xbd1c72f99c60c295
Na Ya Dessert Cafe,https://www.google.com/maps/place/Na+Ya+Dessert+Cafe/data=!4m2!3m1!1s0x80858710e2088787:0x9db3483b8d2634e2
Moe's Books,https://www.google.com/maps/place/Moe's+Books/data=!4m2!3m1!1s0x80857c2ec0b2e479:0x444ddd84f81443de
Green Apple Books,https://www.google.com/maps/place/Green+Apple+Books/data=!4m2!3m1!1s0x8085873c1371f135:0x8ef7e3840fd1638f
Books & Bookshelves,https://www.google.com/maps/place/Books+%26+Bookshelves/data=!4m2!3m1!1s0x808f7e1d93520f6f:0xfa5d2e61eafbe3cf
Sour Cherry Comics,https://www.google.com/maps/place/Sour+Cherry+Comics/data=!4m2!3m1!1s0x808f7f949f696b11:0x3320d22116d788e5
TEPCO Beach,https://www.google.com/maps/place/TEPCO+Beach/data=!4m2!3m1!1s0x808579f74397d6af:0xd1caa01bd3d1cd31
Bi-Rite Creamery,https://www.google.com/maps/place/Bi-Rite+Creamery/data=!4m2!3m1!1s0x808f7e183c2a5c87:0xf75bf92aa3d52296
Flowerland Nursery,https://www.google.com/maps/place/Flowerland+Nursery/data=!4m2!3m1!1s0x8085793452104803:0xf765997aefac4fc9
Easy Breezy,https://www.google.com/maps/place/Easy+Breezy/data=!4m2!3m1!1s0x808f7e13aabf4d5f:0x1aaac1cc0fc9932a
WearSomethingRare,https://www.google.com/maps/place/WearSomethingRare/data=!4m2!3m1!1s0x808f7fd601a63171:0x45bb82826f5c7cbd
Mori Point,https://www.google.com/maps/place/Mori+Point/data=!4m2!3m1!1s0x808f7bf51883dea1:0x23cb281cab1dce37
Big Basin Redwoods State Park,https://www.google.com/maps/place/Big+Basin+Redwoods+State+Park/data=!4m2!3m1!1s0x808e53c72994da41:0x8bf68e13f4014c2b
Game Kastle (Santa Clara),https://www.google.com/maps/place/Game+Kastle+(Santa+Clara)/data=!4m2!3m1!1s0x808fcbb082ee4955:0xab3ad2997967a5ad
Anthony's Cookies - Berkeley,https://www.google.com/maps/place/Anthony's+Cookies+-+Berkeley/data=!4m2!3m1!1s0x80857eed582808ad:0xb4b1168420d79f2b
Marshall's Beach,https://www.google.com/maps/place/Marshall's+Beach/data=!4m2!3m1!1s0x808586efe5358857:0xb46f784416a33e8e
The Drawing Room: Annex,https://www.google.com/maps/place/The+Drawing+Room:+Annex/data=!4m2!3m1!1s0x808f7fc088ad56d7:0xf6123b69b415803c
Mill Valley Public Library,https://www.google.com/maps/place/Mill+Valley+Public+Library/data=!4m2!3m1!1s0x8085906bf89ee0a1:0x21c96a71f0b54777
Dumpling Home,https://www.google.com/maps/place/Dumpling+Home/data=!4m2!3m1!1s0x808581af59f48295:0xfd724d8fafaa2e26
Fort Ord Dunes State Park,https://www.google.com/maps/place/Fort+Ord+Dunes+State+Park/data=!4m2!3m1!1s0x808de3489396c10b:0xfff2976e89f11ae5
Pottery Barn Outlet,https://www.google.com/maps/place/Pottery+Barn+Outlet/data=!4m2!3m1!1s0x808f80e388571489:0xdb71be3e62b62f6
Room & Board,https://www.google.com/maps/place/Room+%26+Board/data=!4m2!3m1!1s0x808f7e2cb1ee40b7:0xfe3f63bd1d3b71ff
Sports Basement Presidio,https://www.google.com/maps/place/Sports+Basement+Presidio/data=!4m2!3m1!1s0x808586da1e62c4cf:0x52160243a5eb280e
Merchant Roots,https://www.google.com/maps/place/Merchant+Roots/data=!4m2!3m1!1s0x808580bbd4c63a77:0xf77eb4da52eaec2
Helvella Art,https://www.google.com/maps/place/Helvella+Art/data=!4m2!3m1!1s0x808f8739be3347bf:0x65829894bb25cba3
Alamere Falls,https://www.google.com/maps/place/Alamere+Falls/data=!4m2!3m1!1s0x8085ea6d7d0964f5:0x633ac4295073ec8c
Ohlone Regional Wilderness,https://www.google.com/maps/place/Ohlone+Regional+Wilderness/data=!4m2!3m1!1s0x808fda6b50286893:0x632339510d98299a
Berry Creek Falls,https://www.google.com/maps/place/Berry+Creek+Falls/data=!4m2!3m1!1s0x808e537fdd326307:0xcb8e97ef9dc7ea08
Uvas Canyon County Park,https://www.google.com/maps/place/Uvas+Canyon+County+Park/data=!4m2!3m1!1s0x808e2323e57d745b:0x5b44cb806b9a64f3
Cataract Falls,https://www.google.com/maps/place/Cataract+Falls/data=!4m2!3m1!1s0x808593f8e5652753:0x7d171d6312dff2dc
Cascade Falls Trailhead,https://www.google.com/maps/place/Cascade+Falls+Trailhead/data=!4m2!3m1!1s0x8085905eb36d43e1:0xd69d00d2973d6023
Arsicault Bakery Civic Center,https://www.google.com/maps/place/Arsicault+Bakery+Civic+Center/data=!4m2!3m1!1s0x80858112994842f7:0xac8648260314bc5e
Arsicault Bakery,https://www.google.com/maps/place/Arsicault+Bakery/data=!4m2!3m1!1s0x80858739f45d4f27:0x2f0b49df0ee8b492
La Noisette Sweets,https://www.google.com/maps/place/La+Noisette+Sweets/data=!4m2!3m1!1s0x80857ef251b09363:0xee5ae7c1726838cd
The Aesthetic Union,https://www.google.com/maps/place/The+Aesthetic+Union/data=!4m2!3m1!1s0x808f7e3085e25e59:0xe56f6b8fb8ca9321
Breads of India,https://www.google.com/maps/place/Breads+of+India/data=!4m2!3m1!1s0x80857e91e156177b:0xfd9e98cd38626b55
Julie's Coffee & Tea Garden,https://www.google.com/maps/place/Julie's+Coffee+%26+Tea+Garden/data=!4m2!3m1!1s0x808f86bdadcd54e7:0xb1cd3e029882b65
San Francisco Public Library,https://www.google.com/maps/place/San+Francisco+Public+Library/data=!4m2!3m1!1s0x8085809b9c296b77:0xebdea9b084af4b86
Garden House Cafe,https://www.google.com/maps/place/Garden+House+Cafe/data=!4m2!3m1!1s0x808587a9dd2ff057:0xfc40ff06d542deed
Another Cafe,https://www.google.com/maps/place/Another+Cafe/data=!4m2!3m1!1s0x80858092fe51ec27:0xdd963f9b68f30b34
La Promenade Café,https://www.google.com/maps/place/La+Promenade+Caf%C3%A9/data=!4m2!3m1!1s0x808587a5e684eb5d:0x49dd061e4ae0bd1e
Quetzal Internet Cafe,https://www.google.com/maps/place/Quetzal+Internet+Cafe/data=!4m2!3m1!1s0x808580945eb50fdb:0xe599fdeb5c0ad45
Cafe Enchante,https://www.google.com/maps/place/Cafe+Enchante/data=!4m2!3m1!1s0x8085870f5a7c3f19:0xfeb922b5adc2cdf8
West Oakland Mural Project,https://www.google.com/maps/place/West+Oakland+Mural+Project/data=!4m2!3m1!1s0x808f8143ca706747:0x15c7bb2822fe19cc
Southern Exposure,https://www.google.com/maps/place/Southern+Exposure/data=!4m2!3m1!1s0x808f7e373e1a0a9b:0xc77c423ecf3638ae
3152 Mission St #3152,https://www.google.com/maps/place/3152+Mission+St+%233152/data=!4m2!3m1!1s0x808f7e4393b0245b:0x786c4a17ab1e3207
Game On,https://www.google.com/maps/place/Game+On/data=!4m2!3m1!1s0x80857ff812056a05:0x6f73239b5bd3270a
Julia Morgan Hall,https://www.google.com/maps/place/Julia+Morgan+Hall/data=!4m2!3m1!1s0x80857c252ce6f689:0x1484b1e86421fd40
Berkeley City Club,https://www.google.com/maps/place/Berkeley+City+Club/data=!4m2!3m1!1s0x80857c287c51dd8d:0x354e4511f6621ba6
El Campanil,https://www.google.com/maps/place/El+Campanil/data=!4m2!3m1!1s0x808f87972b76e29f:0x5ef8f70fd92735a8
MandRo Teahouse,https://www.google.com/maps/place/MandRo+Teahouse/data=!4m2!3m1!1s0x808fbe4567099c31:0xe8f636bf63b69b0f
The American Bookbinders Museum,https://www.google.com/maps/place/The+American+Bookbinders+Museum/data=!4m2!3m1!1s0x808f7e2578f12beb:0xfb19e8fa3b1e2ad0
bitforms gallery SF,https://www.google.com/maps/place/bitforms+gallery+SF/data=!4m2!3m1!1s0x808f7f0ff3d47499:0xd7e13b7235dbdf52
Vinoma Tapas Argentinas,https://www.google.com/maps/place/Vinoma+Tapas+Argentinas/data=!4m2!3m1!1s0x80844b86e54ba3c1:0xb0218773688ae440
Letterform Archive,https://www.google.com/maps/place/Letterform+Archive/data=!4m2!3m1!1s0x808f7fc90def04fb:0x8250c3eff4e6a4e9
Outer Sunset Farmer's Market & Mercantile,https://www.google.com/maps/place/Outer+Sunset+Farmer's+Market+%26+Mercantile/data=!4m2!3m1!1s0x808587896050bf5f:0xaf0ab8dec87cb5bc
HOT JOHNNIE’S,https://www.google.com/maps/place/HOT+JOHNNIE%E2%80%99S/data=!4m2!3m1!1s0x808f7f9e626b9057:0xce4178c926d4aecc
Basa Seafood Express,https://www.google.com/maps/place/Basa+Seafood+Express/data=!4m2!3m1!1s0x808f7e47d2c76cb1:0xe146bb009c39c71
Plain Jane,https://www.google.com/maps/place/Plain+Jane/data=!4m2!3m1!1s0x808f7f1e5cdbaf77:0xe561e0b6a7b8ba5
The Mellow Mission,https://www.google.com/maps/place/The+Mellow+Mission/data=!4m2!3m1!1s0x808f7f6ad3116fbf:0x3a604afcd43daa37
Black Bird Bookstore and Café,https://www.google.com/maps/place/Black+Bird+Bookstore+and+Caf%C3%A9/data=!4m2!3m1!1s0x80858797318d3bcd:0xc980296683aef995
Midnite Bagel,https://www.google.com/maps/place/Midnite+Bagel/data=!4m2!3m1!1s0x808581232a94de59:0xe06b77d8b25142e6
Mr. Banh Mi,https://www.google.com/maps/place/Mr.+Banh+Mi/data=!4m2!3m1!1s0x808587a60a5f2ce7:0xd5dfae5e39804ab3
Modigliani Cafe,https://www.google.com/maps/place/Modigliani+Cafe/data=!4m2!3m1!1s0x808f874392089095:0xf9c977a15125f7aa
Deli Board,https://www.google.com/maps/place/Deli+Board/data=!4m2!3m1!1s0x80858083ba147b83:0x7f293054a3647a6
Cafe Okawari,https://www.google.com/maps/place/Cafe+Okawari/data=!4m2!3m1!1s0x808f7f0676860559:0x4da23321bc2f2874
Ted’s Market,https://www.google.com/maps/place/Ted%E2%80%99s+Market/data=!4m2!3m1!1s0x808f7e277b7d3ce5:0x3efd007a2bbfc62
Irving Subs,https://www.google.com/maps/place/Irving+Subs/data=!4m2!3m1!1s0x808f7e53401c2e59:0x9e4b5ce14e509592
Daily Driver,https://www.google.com/maps/place/Daily+Driver/data=!4m2!3m1!1s0x808f7f6f080d376d:0x7a5c85019dddecf1
That's It,https://www.google.com/maps/place/That's+It/data=!4m2!3m1!1s0x808f7e3f4d6729f1:0x5e05c8e00b7c8606
Shuei-Do Manju Shop,https://www.google.com/maps/place/Shuei-Do+Manju+Shop/data=!4m2!3m1!1s0x808fcc84e5fc6629:0xe2212dc62d61aa16
jina bakes,https://www.google.com/maps/place/jina+bakes/data=!4m2!3m1!1s0x80858132580ef4c5:0xbd1936a05b7f6159
Daeho Kalbijim & Beef Soup,https://www.google.com/maps/place/Daeho+Kalbijim+%26+Beef+Soup/data=!4m2!3m1!1s0x808581f36ebdfd55:0xc9624c9b253a8154
Chuck’s Takeaway,https://www.google.com/maps/place/Chuck%E2%80%99s+Takeaway/data=!4m2!3m1!1s0x808f7fc9213fcd35:0xe7f71252760e4064
One Half,https://www.google.com/maps/place/One+Half/data=!4m2!3m1!1s0x808580ea4bcf7a39:0x6e38299cac2452b4
Local Take,https://www.google.com/maps/place/Local+Take/data=!4m2!3m1!1s0x8085875c2d01b97d:0xf15948f366ec4f1e
Rare Device,https://www.google.com/maps/place/Rare+Device/data=!4m2!3m1!1s0x808580a003c619dd:0xd0325334a8756a57
Wishbone,https://www.google.com/maps/place/Wishbone/data=!4m2!3m1!1s0x8085875c0c5917f1:0xdb0ec7dcd12b19c6
Booksmith,https://www.google.com/maps/place/Booksmith/data=!4m2!3m1!1s0x8085875300a04525:0xcd1d3f424a72cb60
Maido Fine Stationery & Gifts - San Francisco,https://www.google.com/maps/place/Maido+Fine+Stationery+%26+Gifts+-+San+Francisco/data=!4m2!3m1!1s0x808580b8e176b8dd:0x9913fff1efa96c00
Topdrawer,https://www.google.com/maps/place/Topdrawer/data=!4m2!3m1!1s0x80857f3c008bddef:0xa22f37bffacf0819
Topdrawer,https://www.google.com/maps/place/Topdrawer/data=!4m2!3m1!1s0x808580dca9d00a8d:0xc92ac3cd35f90c96
ARCH Art Supplies,https://www.google.com/maps/place/ARCH+Art+Supplies/data=!4m2!3m1!1s0x808f7fcc11bb11bb:0x724a80c31bb95e26
FLAX art and design,https://www.google.com/maps/place/FLAX+art+and+design/data=!4m2!3m1!1s0x8085809fb8ebb171:0x919d76c34a5e5e06
Borderlands Books,https://www.google.com/maps/place/Borderlands+Books/data=!4m2!3m1!1s0x808f7e3dadbffae5:0xd46e5346d770e880
Cartoon Art Museum,https://www.google.com/maps/place/Cartoon+Art+Museum/data=!4m2!3m1!1s0x8085807d56a4045b:0x94f509f113d60751
Comix Experience,https://www.google.com/maps/place/Comix+Experience/data=!4m2!3m1!1s0x808580af3d211a53:0x5c430030972e86bf
Mission: Comics & Art,https://www.google.com/maps/place/Mission:+Comics+%26+Art/data=!4m2!3m1!1s0x808f7e3c169a24e1:0xe0e2413990f0eec7
Amazing Fantasy,https://www.google.com/maps/place/Amazing+Fantasy/data=!4m2!3m1!1s0x8085875c6a6731df:0xb9163ff4dc31dbab
Isotope Comics,https://www.google.com/maps/place/Isotope+Comics/data=!4m2!3m1!1s0x80858098b036f815:0xb0dd440898424ad8